,Feature 1,Feature 2,Feature 3,Feature 4,Feature 5,Feature 6,Feature 7,Feature 8,Feature 9,Feature 10,Feature 11,Feature 12,Feature 13,Feature 14,Feature 15,Feature 16,Feature 17,Feature 18,Feature 19,Feature 20,Feature 21,Feature 22,Feature 23,Feature 24,Feature 25,Feature 26,Feature 27,Feature 28,Feature 29,Feature 30,Feature 31,Feature 32,Feature 33,Feature 34,Feature 35,Feature 36,Feature 37,Feature 38,Feature 39,Feature 40,Feature 41,Feature 42,Feature 43,Feature 44,Feature 45,Feature 46,Feature 47,Feature 48,Feature 49,Feature 50,Feature 51,Feature 52,Feature 53,Feature 54,Feature 55,Feature 56,Feature 57,Feature 58,Feature 59,Feature 60,Feature 61,Feature 62,Feature 63,Feature 64,Feature 65,Feature 66,Feature 67,Feature 68,Feature 69,Feature 70,Feature 71,Feature 72,Feature 73,Feature 74,Feature 75,Feature 76,Feature 77,Feature 78,Feature 79,Feature 80,Feature 81,Feature 82,Feature 83,Feature 84,Feature 85,Feature 86,Feature 87,Feature 88,Feature 89,Feature 90,Feature 91,Feature 92,Feature 93,Feature 94,Feature 95,Feature 96,Feature 97,Feature 98,Feature 99,Feature 100
53,73.7357688,3184.90137,7205825.45,120.443635,2846.1536,7150616.77,444.076766,2384.72661,7263333.14,4554.52543,2250.38352,8139162.41,40746.5191,2247.94625,8209617.86,73.7357688,3184.90137,7205825.45,7205825.45,3185.49406,-1357.48115,-0.131876155,120.443635,2846.1536,7150616.77,7150616.77,2846.83025,-2215.41736,-0.186572907,444.076766,2384.72661,7263333.14,7263333.14,2385.54332,-2750.3877,-0.216672517,4554.52543,2250.38352,8139162.41,8139162.41,2251.25248,-2558.34779,-0.187065025,40746.5191,2247.94625,8209617.86,8209617.86,2248.81693,-2669.39747,-0.193580209,73.7357294,0.00605111957,0.00191188456,120.440632,0.00558553499,0.00212767538,443.814847,0.00379237021,0.00180238312,4515.47997,0.00326167461,0.00195176966,40253.3343,0.003808813,0.459928411,73.7357294,3184.90304,7205824.08,7205824.08,3185.60073,3477.65179,0.225809503,120.440632,2846.22308,7150601.5,7150601.5,2847.00376,4021.56627,0.26217594,443.814847,2386.08518,7264485.27,7264485.27,2387.01633,3198.66883,0.206922034,4515.47997,2268.32457,8171511.31,8171511.31,2269.30404,1991.49642,0.121478714,40253.3342,2273.17284,8256866.53,8256866.53,2274.15022,1764.95046,0.10710258
